case_id,platform,language,ground_truth,extracted_text,ocr_confidence,character_error_rate,word_error_rate,status,image_path
OCR-01,WhatsApp (Light),English,I know where you live. Watch your back.,Alex User10:42 PM I know where you live. Watch your back.,0.9435,0.4615,0.75,PARTIAL,C:\Users\vivek\.gemini\antigravity-ide\scratch\cyberguard\data\ocr_benchmark\images\OCR-01.png
OCR-02,WhatsApp (Dark),Hinglish,moti bhaisn marr jaa tu jaake,Unknown11:15PM moti bhaisn marr jaa tu jaake,0.9651,0.5172,0.3333,PARTIAL,C:\Users\vivek\.gemini\antigravity-ide\scratch\cyberguard\data\ocr_benchmark\images\OCR-02.png
OCR-03,Instagram (Dark),Hindi (Devanagari),"घर से बाहर निकल, तुझे जान से मार दूंगा आज।",@troll_account22目2h ago 0000000000 000000000,0.9577,1.0,1.0,FAILED,C:\Users\vivek\.gemini\antigravity-ide\scratch\cyberguard\data\ocr_benchmark\images\OCR-03.png
OCR-04,YouTube (Light),Hinglish,tu chutiya hai aur rahega hamesha,User9817目14 minutes ago tu chutiya haiaur rahega hamesha,0.9598,0.7576,1.0,FAILED,C:\Users\vivek\.gemini\antigravity-ide\scratch\cyberguard\data\ocr_benchmark\images\OCR-04.png
OCR-05,X/Twitter (Dark),English,I will rape you and destroy your life,Anonymous@stalker_015m I will rape you and destroy your life,0.9709,0.6216,0.25,FAILED,C:\Users\vivek\.gemini\antigravity-ide\scratch\cyberguard\data\ocr_benchmark\images\OCR-05.png
OCR-06,Chat Multi-Message,English,Hey answer me. Why are you ignoring my DMs? We will leak your private photos.,TargetedHarasser3messages Heyanswer me. Whyare you ignoring my DMs? We will leak your private photos,0.9863,0.3636,0.3333,PARTIAL,C:\Users\vivek\.gemini\antigravity-ide\scratch\cyberguard\data\ocr_benchmark\images\OCR-06.png
OCR-07,Facebook (Light),English,"You disgusting scum, everyone here despises you",Comment1h You disgusting scumeveryonehere despisesyou,0.9768,0.2979,0.7143,PASSED,C:\Users\vivek\.gemini\antigravity-ide\scratch\cyberguard\data\ocr_benchmark\images\OCR-07.png
OCR-08,Telegram (Dark),Hinglish,"Saale idiot, tera address mil gaya hai mujhe",Forwarded message18:30 Saale idiot tera address mil gaya hai mujhe,0.9577,0.5455,0.625,PARTIAL,C:\Users\vivek\.gemini\antigravity-ide\scratch\cyberguard\data\ocr_benchmark\images\OCR-08.png
OCR-09,Recompressed Screenshot,English,I will track your IP and destroy your family,Discord Message  Todayat 4 15 PM Iwill trackyour IPand destroy your family,0.9481,0.7955,1.0,FAILED,C:\Users\vivek\.gemini\antigravity-ide\scratch\cyberguard\data\ocr_benchmark\images\OCR-09.png
OCR-10,Slack (Light),English,"Thank you so much for explaining the code, really helpful project!","Colleague09:30AM Thank you so much forexplaining the code, really helpful project!",0.9692,0.2727,0.1818,PASSED,C:\Users\vivek\.gemini\antigravity-ide\scratch\cyberguard\data\ocr_benchmark\images\OCR-10.png
