Dataset,Original Source,Local Path,Downloaded?,Verified External?,Synthetic?,Training Used?,Evidence
CyberbullyX-63K,Twitter Stream / CyberBullyX Benchmark Project,C:\Users\vivek\Documents\aml\cyberbullying_dataset\CyberbullyX-63K.xlsx,YES,YES,NO,NO,"Physical Excel file on disk (63,145 rows, date range June 2020+, real tweet IDs)"
Kaggle Cyberbullying Tweets,Kaggle / J. Wang et al. (Cyberbullying Tweet Recognition),C:\Users\vivek\Documents\aml\cyberbullying_dataset\kaggledataset.zip::cyberbullying_tweets.csv,YES,YES,NO,NO,"Physical zip archive containing cyberbullying_tweets.csv (47,692 rows, 6 classes)"
Jigsaw Toxic Comment (Train),Kaggle / Alphabet / Conversation AI Jigsaw Challenge,C:\Users\vivek\Documents\aml\cyberbullying_dataset\archive (1).zip::train.csv,YES,YES,NO,NO,"Physical zip archive containing train.csv (159,571 rows, 6 multi-label toxicity targets)"
Jigsaw Toxic Comment (Test & Labels),Kaggle / Conversation AI Jigsaw Challenge,C:\Users\vivek\Documents\aml\cyberbullying_dataset\archive (1).zip::test.csv & test_labels.csv,YES,YES,NO,NO,"Physical zip archive containing test.csv and test_labels.csv (153,164 rows)"
Hinglish Codemixed Cyberbullying,Research Publication: 4989-10831-1-PB.pdf,C:\Users\vivek\Documents\aml\cyberbullying_dataset\final_dataset_hinglish.csv,YES,YES,NO,NO,"Physical CSV file on disk (18,148 rows, 17,065 unique texts, matched with companion paper)"
Archive.zip Hinglish Cyberbullying,Kaggle synthetic upload (source unverified),C:\Users\vivek\Documents\aml\cyberbullying_dataset\archive.zip::hinglish_cyberbullying_dataset_25000.csv,YES,NO (Heavily Tiled Synthetic),YES,NO,"25,000 rows, but exactly 40 unique template sentences repeated ~1,000 times each"
MultiOFF TRAC-2 Multimodal Memes,COLING TRAC-2 2020 / HuggingFace Ibrahim-Alam/multi-modal_offensive_meme,data\external\multioff\multioff_catalog.csv,YES,YES,NO,YES,Catalog CSV on disk + 740 real image files (.jpg) in data/external/multioff/images/
M3 Twitter Multimodal Memes,ArXiv 2404.14818 / GitHub mira-ai-lab/M3,data\external\m3\m3_catalog.csv,YES,YES,NO,YES,Catalog CSV on disk + 150 real images in data/external/m3/img/
Facebook Hateful Memes,Meta AI / HuggingFace neuralcatcher/hateful_memes,data\external\hateful_memes\hateful_memes_catalog.csv,YES,YES,NO,NO (Isolated External Holdout Set B),Catalog CSV on disk + 150 real images in data/external/hateful_memes/img/
Zenodo Multimodal Toxic Memes,Zenodo: 8306439,data\external\zenodo_toxic_memes\labels.csv,YES,YES,NO,NO (Preserved as AUXILIARY),"labels.csv on disk (1,998 rows in Russian/Cyrillic)"
Synthetic CyberGuard Multilingual Baseline,Internal generator (scripts/generate_rich_dataset.py),data\raw\cyberbullying_multilingual_raw.csv,NO (Generated internally),NO,YES,YES,"2,036 synthesized text rows with 10 balanced CyberGuard classes"
Synthetic Support Wellbeing Prompts,Internal generator,data\raw\support_wellbeing_raw.csv,NO (Generated internally),NO,YES,YES,70 synthesized stress/wellbeing prompts for support classifier calibration
Reddit LoST v1,Reddit mental health subreddits (Loss of Self Theory),C:\Users\vivek\Documents\aml\mental\LoSTv1.csv,YES,YES,NO,NO,"Physical CSV file on disk (3,251 Reddit mental health posts)"
Reddit LoST Train Split,Reddit mental health study,C:\Users\vivek\Documents\aml\mental\final_train.csv,YES,YES,NO,NO,"Physical CSV file on disk (1,739 rows with Trigger, LoST, Consequences spans)"
Reddit LoST Test Split,Reddit mental health study,C:\Users\vivek\Documents\aml\mental\final_test.csv,YES,YES,NO,NO,Physical CSV file on disk (435 rows with annotated spans)
Reddit Suicide vs Depression,Reddit API (r/SuicideWatch & r/depression),C:\Users\vivek\Documents\aml\mental\combined-set.csv,YES,YES,NO,NO,"Physical CSV file on disk (1,895 rows, is_suicide binary label)"
GoEmotions Selected Columns,Google Research GoEmotions (Reddit comments),C:\Users\vivek\Documents\aml\mental\goemotions_1-selected-columns.csv,YES,YES,NO,NO,"Physical CSV file on disk (21,039 rows)"
Sample Data 1 (Reddit Suicide Sample),Reddit mental health research sample,C:\Users\vivek\Documents\aml\mental\sample_data_1.xlsx,YES,YES,NO,NO,Physical Excel file on disk (96 rows)
Sample Data 2 (Twitter Suicide Sample),Twitter mental health research sample,C:\Users\vivek\Documents\aml\mental\sample_data_2.xlsx,YES,YES,NO,NO,Physical Excel file on disk (96 rows)
PolEval 2019 Shared Task 6,"Ptaszynski et al., PolEval 2019 Workshop",NOT FOUND IN LOCAL DIRECTORIES,NO,NOT VERIFIED LOCALLY,NO,NO,Referenced in research literature; zero physical files found in local directories
