ID,Dataset,Location,External/Synthetic,Modality,Languages,Records,Labels,License,Used in Training?,Status
DS-01,CyberbullyX-63K,C:\Users\vivek\Documents\aml\cyberbullying_dataset\CyberbullyX-63K.xlsx,REAL EXTERNAL DATASET,TEXT ONLY,"Hindi (60.7%), English (39.1%), Hinglish Code-Mixed",63145,"Binary: 0 (Non-cyberbullying: 32,940), 1 (Cyberbullying: 30,205)",Academic Research Use / Open Benchmark,NO (Discovered in Source B Audit),PRIMARY CANDIDATE
DS-02,Kaggle Cyberbullying Tweets (Wang et al.),C:\Users\vivek\Documents\aml\cyberbullying_dataset\kaggledataset.zip::cyberbullying_tweets.csv,REAL EXTERNAL DATASET,TEXT ONLY,English,47692,"6 Classes: religion (7,998), age (7,992), gender (7,973), ethnicity (7,961), not_cyberbullying (7,945), other_cyberbullying (7,823)",CC0: Public Domain / Kaggle Open Dataset,NO (Discovered in Source B Archive),PRIMARY CANDIDATE
DS-03,Jigsaw Toxic Comment Classification (Train),C:\Users\vivek\Documents\aml\cyberbullying_dataset\archive (1).zip::train.csv,REAL EXTERNAL DATASET,TEXT ONLY,English,159571,"Multi-label: toxic (15,294), severe_toxic (1,595), obscene (8,449), threat (478), insult (7,877), identity_hate (1,405)",CC0: Public Domain / Kaggle Jigsaw,NO (Discovered in Source B Archive),AUXILIARY / BENCHMARK
DS-04,Jigsaw Toxic Comment Classification (Test + Labels),C:\Users\vivek\Documents\aml\cyberbullying_dataset\archive (1).zip::test.csv & test_labels.csv,REAL EXTERNAL DATASET,TEXT ONLY,English,153164,"Multi-label test ground truth (-1 masked unrated: 89,186; evaluated: 63,978)",CC0: Public Domain / Kaggle Jigsaw,NO (Discovered in Source B Archive),EVALUATION ONLY
DS-05,Hinglish Codemixed Cyberbullying (Paper 4989-10831),C:\Users\vivek\Documents\aml\cyberbullying_dataset\final_dataset_hinglish.csv,REAL EXTERNAL DATASET,TEXT ONLY,Hinglish / Romanized Hindi & English,18148,"Binary: -1 (Cyberbullying/Abusive: 11,661), 0 (Neutral/Non-cyberbullying: 6,487)",Research Open Access (Paper: 4989-10831-1-PB.pdf),NO (Discovered in Source B Audit),PRIMARY CANDIDATE
DS-06,Hinglish Cyberbullying 25K (archive.zip),C:\Users\vivek\Documents\aml\cyberbullying_dataset\archive.zip::hinglish_cyberbullying_dataset_25000.csv,CYBERGUARD-GENERATED SYNTHETIC / TILED,TEXT ONLY,Hinglish & English,25000,"Binary: 1 (15,000), 0 (10,000) [Exactly 40 unique template texts repeated 25,000 times!]",UNKNOWN / UNVERIFIED,NO,NOT SUITABLE (Heavy Template Duplication)
DS-07,MultiOFF Multimodal Meme Benchmark,data\external\multioff\multioff_catalog.csv,REAL EXTERNAL DATASET,IMAGE + TEXT,English,740,"Binary: 1 (Offensive: 311), 0 (Non-Offensive: 429)",Academic Research Use (COLING TRAC-2 2020),YES (Trained in CB-MM-001 multimodal model),ACTIVE IN PRODUCTION PIPELINE
DS-08,M3 Twitter Multimodal Memes,data\external\m3\m3_catalog.csv,REAL EXTERNAL DATASET,IMAGE + TEXT,English & Mixed,526,"Fine-Grained: racism, sexism, religion, hate, normal",MIT License / Academic Open Access (ArXiv 2404.14818),YES (Trained in CB-MM-001 multimodal model),ACTIVE IN PRODUCTION PIPELINE
DS-09,Facebook Hateful Memes (Dev Split),data\external\hateful_memes\hateful_memes_catalog.csv,REAL EXTERNAL DATASET,IMAGE + TEXT,English,500,"Binary: 1 (Hateful: 250), 0 (Not-Hateful: 250)",Meta AI Research Use Agreement (NeurIPS 2020),NO (Isolated Real-World External Holdout Set B),EVALUATION ONLY (STRICT EXTERNAL HOLDOUT)
DS-10,Zenodo Multimodal Toxic Memes,data\external\zenodo_toxic_memes\labels.csv,REAL EXTERNAL DATASET,IMAGE + TEXT,Russian (Cyrillic),1998,"Binary: 1 (Toxic), 0 (Non-Toxic)",CC-BY 4.0,NO (Preserved as UNMAPPED / AUXILIARY),AUXILIARY ONLY (Language Out-of-Scope)
DS-11,Synthetic CyberGuard Multilingual Baseline,data\raw\cyberbullying_multilingual_raw.csv & data\unified\unified_dataset.csv,CYBERGUARD-GENERATED SYNTHETIC DATA,TEXT ONLY,"English, Devanagari Hindi, Hinglish",2036,"10 Unified Classes (Age, Gender, Religion, Ethnicity, Appearance, Mockery, Abusive, Threat, Harassment, Non-cyberbullying)",Internal Project License,YES (Source = SYNTHETIC_CYBERGUARD),ACTIVE BASELINE (SYNTHETIC)
DS-12,Synthetic Support Wellbeing Dataset,data\raw\support_wellbeing_raw.csv,CYBERGUARD-GENERATED SYNTHETIC DATA,TEXT ONLY,English,70,"Stress Categories: LOW, MODERATE, HIGH, SEVERE",Internal Project License,YES (Trained support stress classifier),AUXILIARY (SUPPORT MODULE)
DS-13,Reddit LoST v1 (Loss of Self Theory),C:\Users\vivek\Documents\aml\mental\LoSTv1.csv,REAL EXTERNAL DATASET,TEXT ONLY,English (Reddit mental health subreddits),3251,"Binary: self (0.0: 2,540, 1.0: 710)",Academic Research Use / Mental Health Benchmark,NO,AUXILIARY (Wellbeing / Mental Health Only)
DS-14,Reddit LoST Final Train,C:\Users\vivek\Documents\aml\mental\final_train.csv,REAL EXTERNAL DATASET,TEXT ONLY,English,1739,"Binary self (0: 1,363, 1: 376) + Spans: Trigger, LoST, Consequences",Academic Research Use,NO,AUXILIARY (Wellbeing / Mental Health Only)
DS-15,Reddit LoST Final Test,C:\Users\vivek\Documents\aml\mental\final_test.csv,REAL EXTERNAL DATASET,TEXT ONLY,English,435,"Binary self (0: 346, 1: 89) + Spans: Trigger, LoST, Consequences",Academic Research Use,NO,AUXILIARY (Wellbeing / Mental Health Only)
DS-16,Reddit Suicide vs Depression (combined-set.csv),C:\Users\vivek\Documents\aml\mental\combined-set.csv,REAL EXTERNAL DATASET,TEXT ONLY,English (r/SuicideWatch & r/depression),1895,"Binary: is_suicide (1: 980, 0: 915)",Academic Research Use / Reddit API Scrape,NO,AUXILIARY (Wellbeing / Escalation Only)
DS-17,GoEmotions Selected Columns,C:\Users\vivek\Documents\aml\mental\goemotions_1-selected-columns.csv,REAL EXTERNAL DATASET,TEXT ONLY,English,21039,"Emotion Annotation subset (admiration, unclear, etc.)",Apache 2.0 (Google Research),NO,AUXILIARY (Sentiment/Emotion RAG Only)
DS-18,Sample Data 1 (Reddit Suicide Sample),C:\Users\vivek\Documents\aml\mental\sample_data_1.xlsx,REAL EXTERNAL DATASET,TEXT ONLY,English,96,"Binary: y (1: 48, 0: 48)",Research Sample,NO,AUXILIARY (Small Sample)
DS-19,Sample Data 2 (Twitter Suicide Sample),C:\Users\vivek\Documents\aml\mental\sample_data_2.xlsx,REAL EXTERNAL DATASET,TEXT ONLY,English,96,"Binary: y (1: 48, 0: 48)",Research Sample,NO,AUXILIARY (Small Sample)
DS-20,PolEval 2019 Shared Task 6 (Polish Twitter Cyberbullying),REFERENCED IN LITERATURE / NOT FOUND IN LOCAL DIRECTORIES,REAL EXTERNAL (REFERENCED),TEXT ONLY,Polish,0,Task 6-1 (Binary Cyberbullying: 0/1) & Task 6-2 (Harmful/Attack/Non-harmful),Open Research Evaluation (PolEval 2019),NO,NOT PHYSICALLY PRESENT LOCALLY
